market,arrival_date,arrivals,variety,minimum_price,maximum_price,modal_price
Bagepalli APMC,2026-09-01,201.0,Tomato,230.0,1600.0,1200.0
Bagepalli APMC,2026-09-02,170.0,Tomato,230.0,2300.0,1460.0
Bagepalli APMC,2026-09-03,170.0,Tomato,150.0,2070.0,1230.0
Bagepalli APMC,2026-09-04,130.0,Tomato,150.0,2100.0,1400.0
Bagepalli APMC,2026-09-05,131.70000000000002,Tomato,350.0,1800.0,1400.0
Bangarpet APMC,2026-09-01,2.0,Tomato,300.0,1000.0,500.0
Bangarpet APMC,2026-09-02,0.3,Tomato,300.0,1000.0,600.0
Bangarpet APMC,2026-09-03,2.5,Tomato,400.0,1500.0,1000.0
Bangarpet APMC,2026-09-04,2.5,Tomato,400.0,1000.0,700.0
Bangarpet APMC,2026-09-05,2.5,Tomato,400.0,1300.0,700.0
Belgaum APMC,2026-09-01,30.0,Tomato,800.0,1200.0,1000.0
Belur APMC,2026-09-02,6.800000000000001,Hybrid,1500.0,2000.0,1500.0
Binny Mill (FF&V) Bengaluru APMC,2026-09-01,44.400000000000006,Tomato,1400.0,1600.0,1500.0
Binny Mill (FF&V) Bengaluru APMC,2026-09-02,39.3,Tomato,1500.0,1700.0,1600.0
Binny Mill (FF&V) Bengaluru APMC,2026-09-03,43.2,Tomato,1300.0,1500.0,1400.0
Binny Mill (FF&V) Bengaluru APMC,2026-09-04,42.1,Tomato,1400.0,1600.0,1500.0
Chamarajanagar APMC,2026-09-01,2.0,Tomato,800.0,1600.0,1200.0
Chamarajanagar APMC,2026-09-02,2.0,Tomato,1000.0,1800.0,1400.0
Chamarajanagar APMC,2026-09-03,2.5,Tomato,1400.0,2200.0,1800.0
Chamarajanagar APMC,2026-09-04,2.5,Tomato,800.0,1000.0,900.0
Chamarajanagar APMC,2026-09-05,3.0,Tomato,600.0,1400.0,1000.0
Channapatna APMC,2026-09-01,3.7,Tomato,1000.0,2000.0,1500.0
Channapatna APMC,2026-09-02,3.3000000000000003,Tomato,850.0,1900.0,1400.0
Channapatna APMC,2026-09-03,4.0,Tomato,750.0,1500.0,1250.0
Channapatna APMC,2026-09-04,3.2,Tomato,1000.0,2000.0,1500.0
Channapatna APMC,2026-09-05,3.6,Tomato,750.0,1750.0,1250.0
Chikkamagaluru APMC,2026-09-01,169.9,Tomato,400.0,2000.0,1200.0
Chikkamagaluru APMC,2026-09-02,73.3,Tomato,400.0,1900.0,1150.0
Chikkamagaluru APMC,2026-09-03,137.8,Tomato,400.0,1700.0,1050.0
Chikkamagaluru APMC,2026-09-04,104.6,Tomato,400.0,2100.0,1250.0
Chintamani APMC,2026-09-01,384.7000000000001,Tomato,333.0,2133.0,1133.0
Chintamani APMC,2026-09-02,407.2000000000001,Tomato,300.0,2000.0,1000.0
Davangere APMC,2026-09-01,4.0,Tomato,300.0,1200.0,600.0
Davangere APMC,2026-09-02,4.0,Tomato,300.0,1200.0,600.0
Davangere APMC,2026-09-03,4.0,Tomato,200.0,1000.0,500.0
Davangere APMC,2026-09-04,3.0,Tomato,100.0,600.0,300.0
Doddaballapur APMC,2026-09-01,2.8000000000000003,Tomato,800.0,1200.0,1000.0
Doddaballapur APMC,2026-09-02,3.7,Tomato,800.0,1200.0,1000.0
Doddaballapur APMC,2026-09-03,3.7,Tomato,800.0,1200.0,1000.0
Doddaballapur APMC,2026-09-04,2.6,Tomato,800.0,1300.0,1000.0
Doddaballapur APMC,2026-09-05,4.0,Tomato,1000.0,1500.0,1200.0
Gauribidanur APMC,2026-09-02,1.5,Tomato,600.0,1500.0,1300.0
Gauribidanur APMC,2026-09-03,1.2000000000000002,Tomato,600.0,1500.0,1200.0
Gauribidanur APMC,2026-09-04,1.5,Tomato,600.0,1500.0,1200.0
Gauribidanur APMC,2026-09-05,1.4,Tomato,600.0,1400.0,1200.0
Gundlupet APMC,2026-09-01,6.0,Tomato,1600.0,1700.0,1600.0
Gundlupet APMC,2026-09-02,6.800000000000001,Tomato,1900.0,2000.0,1900.0
Gundlupet APMC,2026-09-03,6.300000000000001,Tomato,1700.0,1900.0,1800.0
Gundlupet APMC,2026-09-04,9.5,Tomato,1500.0,1600.0,1500.0
Gundlupet APMC,2026-09-05,10.1,Tomato,1500.0,1600.0,1500.0
Hassan APMC,2026-09-02,35.2,Tomato,1500.0,1500.0,1500.0
Hassan APMC,2026-09-03,4.4,Tomato,1500.0,1500.0,1500.0
Hospet APMC,2026-09-01,5.5,Tomato,800.0,1200.0,800.0
Hospet APMC,2026-09-02,6.2,Tomato,500.0,800.0,800.0
Hospet APMC,2026-09-04,2.2,Tomato,800.0,900.0,800.0
Hospet APMC,2026-09-05,10.9,Tomato,600.0,800.0,800.0
Hunsur APMC,2026-09-01,8.0,Tomato,1082.0,1082.0,1082.0
Hunsur APMC,2026-09-05,1.0,Tomato,1500.0,1500.0,1500.0
K.R. Pet APMC,2026-09-01,0.5,Tomato,2000.0,2000.0,2000.0
K.R.Nagar APMC,2026-09-04,20.0,Tomato,500.0,500.0,500.0
Kadur APMC,2026-09-01,16.1,Tomato,892.0,1189.0,1110.0
Kadur APMC,2026-09-02,17.6,Tomato,961.0,1110.0,1086.0
Kadur APMC,2026-09-03,10.8,Tomato,1040.0,1189.0,1110.0
Kadur APMC,2026-09-04,21.9,Tomato,909.0,1110.0,1041.0
Kalaburagi APMC,2026-09-02,8.4,Tomato,250.0,1000.0,625.0
Kalaburagi APMC,2026-09-03,8.700000000000001,Tomato,300.0,1000.0,650.0
Kalaburagi APMC,2026-09-04,6.9,Tomato,400.0,1000.0,700.0
Kalaburagi APMC,2026-09-05,8.0,Tomato,300.0,1250.0,775.0
Kanakapura APMC,2026-09-01,0.6000000000000001,Hybrid,1000.0,1800.0,1500.0
Kolar APMC,2026-09-01,1950.0,Tomato,400.0,2000.0,1060.0
Kolar APMC,2026-09-02,1980.0,Tomato,330.0,2000.0,1130.0
Kolar APMC,2026-09-03,2070.0,Tomato,330.0,2000.0,1060.0
Mulbagal APMC,2026-09-01,181.3,Tomato,333.0,1866.0,1000.0
Mulbagal APMC,2026-09-02,226.5,Tomato,333.0,1866.0,1000.0
Mulbagal APMC,2026-09-03,261.5,Tomato,333.0,1666.0,800.0
Mulbagal APMC,2026-09-04,238.5,Tomato,333.0,1666.0,900.0
Mysuru APMC,2026-09-01,7.9,Tomato,1800.0,2000.0,2000.0
Mysuru APMC,2026-09-02,8.1,Tomato,1700.0,1900.0,1900.0
Mysuru APMC,2026-09-03,9.6,Tomato,1500.0,1600.0,1600.0
Mysuru APMC,2026-09-04,8.9,Tomato,1500.0,1600.0,1600.0
Nanjangud APMC,2026-09-01,3.5,Tomato,3030.0,4666.0,3333.0
Ramanagara APMC,2026-09-01,6.4,Tomato,1000.0,1800.0,1500.0
Ramanagara APMC,2026-09-02,6.6000000000000005,Tomato,1000.0,1750.0,1500.0
Ramanagara APMC,2026-09-03,8.4,Tomato,800.0,1500.0,1200.0
Ramanagara APMC,2026-09-04,6.4,Tomato,1000.0,1800.0,1500.0
Ramanagara APMC,2026-09-05,8.0,Tomato,1200.0,1800.0,1600.0
Ranebennur APMC,2026-09-01,0.5,Tomato,300.0,1000.0,800.0
Ranebennur APMC,2026-09-02,0.5,Tomato,200.0,1000.0,700.0
Ranebennur APMC,2026-09-03,0.5,Tomato,200.0,900.0,700.0
Ranebennur APMC,2026-09-04,0.4,Tomato,200.0,1000.0,700.0
Ranebennur APMC,2026-09-05,0.6000000000000001,Tomato,200.0,900.0,600.0
Shimoga APMC,2026-09-01,36.2,Tomato,600.0,1000.0,800.0
Shimoga APMC,2026-09-02,22.5,Tomato,400.0,800.0,600.0
Shimoga APMC,2026-09-03,42.5,Tomato,400.0,1200.0,800.0
Shimoga APMC,2026-09-04,25.0,Tomato,400.0,1000.0,700.0
T. Narasipura APMC,2026-09-02,0.8,Tomato,1500.0,2000.0,2000.0
T. Narasipura APMC,2026-09-03,0.8,Tomato,1500.0,2000.0,2000.0
T. Narasipura APMC,2026-09-04,0.8,Tomato,1500.0,2000.0,2000.0
