market,average_price,minimum_price,maximum_price,price_std,average_arrivals,cluster
Bagepalli APMC,1338.0,1200.0,1460.0,115.41230437002807,160.54000000000002,2
Bangarpet APMC,700.0,500.0,1000.0,187.08286933869707,1.9600000000000002,0
Belgaum APMC,1000.0,1000.0,1000.0,0.0,30.0,0
Belur APMC,1500.0,1500.0,1500.0,0.0,6.800000000000001,2
Binny Mill (FF&V) Bengaluru APMC,1500.0,1400.0,1600.0,81.64965809277261,42.25,2
Chamarajanagar APMC,1260.0,900.0,1800.0,357.77087639996637,2.4,2
Channapatna APMC,1380.0,1250.0,1500.0,125.49900398011131,3.56,2
Chikkamagaluru APMC,1162.5,1050.0,1250.0,85.39125638299664,121.4,0
Chintamani APMC,1066.5,1000.0,1133.0,94.04520189781083,395.9500000000001,0
Davangere APMC,500.0,300.0,600.0,141.42135623730948,3.75,0
Doddaballapur APMC,1040.0,1000.0,1200.0,89.44271909999159,3.3600000000000003,0
Gauribidanur APMC,1225.0,1200.0,1300.0,49.99999999999998,1.4,0
Gundlupet APMC,1660.0,1500.0,1900.0,181.6590212458495,7.74,2
Hassan APMC,1500.0,1500.0,1500.0,0.0,19.8,2
Hospet APMC,800.0,800.0,800.0,0.0,6.2,0
Hunsur APMC,1291.0,1082.0,1500.0,295.57063453597686,4.5,2
K.R. Pet APMC,2000.0,2000.0,2000.0,0.0,0.5,2
K.R.Nagar APMC,500.0,500.0,500.0,0.0,20.0,0
Kadur APMC,1086.75,1041.0,1110.0,32.53075467922624,16.6,0
Kalaburagi APMC,687.5,625.0,775.0,66.14378277661476,8.0,0
Kanakapura APMC,1500.0,1500.0,1500.0,0.0,0.6000000000000001,2
Kolar APMC,1083.3333333333333,1060.0,1130.0,40.41451884327379,2000.0,1
Mulbagal APMC,925.0,800.0,1000.0,95.74271077563382,226.95,0
Mysuru APMC,1775.0,1600.0,2000.0,206.155281280883,8.625,2
Nanjangud APMC,3333.0,3333.0,3333.0,0.0,3.5,2
Ramanagara APMC,1460.0,1200.0,1600.0,151.65750888103102,7.160000000000001,2
Ranebennur APMC,700.0,600.0,800.0,70.71067811865476,0.5,0
Shimoga APMC,725.0,600.0,800.0,95.74271077563381,31.55,0
T. Narasipura APMC,2000.0,2000.0,2000.0,0.0,0.8000000000000002,2
